[{"biblio_id":"604","title":"Untuk yang Sedang Sakit Hati luka karena Cinta","image":".\/lib\/minigalnano\/createthumb.php?filename=images\/default\/image.png&width=120","total":"2"},{"biblio_id":"219","title":"The Golden Stories","image":".\/lib\/minigalnano\/createthumb.php?filename=images%2Fdocs%2Fcover_the_golden_stories.jpg&width=120","total":"2"},{"biblio_id":"2749","title":"Padang bulan","image":".\/lib\/minigalnano\/createthumb.php?filename=images%2Fdocs%2Fcover_padang_bulan.jpg&width=120","total":"1"},{"biblio_id":"3233","title":"Harry Potter and The Cursed Child (Harry Potter dan Si Anak Terkutuk) Drama Karya Bagian Satu dan Bagian Dua Skenario","image":".\/lib\/minigalnano\/createthumb.php?filename=images%2Fdocs%2Fharry_potter.jpg.jpg&width=120","total":"1"},{"biblio_id":"3234","title":"Sang Penakluk Kutukan","image":".\/lib\/minigalnano\/createthumb.php?filename=images%2Fdocs%2Fcover_sang_penakluk_kutukan.jpg&width=120","total":"1"},{"biblio_id":"3235","title":"Harga Sebuah Percaya","image":".\/lib\/minigalnano\/createthumb.php?filename=images%2Fdocs%2Fcover_hanya_sebuah_percaya.jpg&width=120","total":"1"}]